<?xml version="1.0" encoding="UTF-8"?><rss version="2.0"
	xmlns:content="http://purl.org/rss/1.0/modules/content/"
	xmlns:dc="http://purl.org/dc/elements/1.1/"
	xmlns:atom="http://www.w3.org/2005/Atom"
	xmlns:sy="http://purl.org/rss/1.0/modules/syndication/"
	
	>
<channel>
	<title>
	Comments on: Thái Lan	</title>
	<atom:link href="http://localhost/myproject/wordpress/tour/thailand/feed/" rel="self" type="application/rss+xml" />
	<link>http://minhkhoawin.github.io/SaeBlog/tour/thailand/</link>
	<description>This is my blog</description>
	<lastBuildDate>Sat, 29 May 2021 03:51:55 +0000</lastBuildDate>
	<sy:updatePeriod>
	hourly	</sy:updatePeriod>
	<sy:updateFrequency>
	1	</sy:updateFrequency>
	<generator>https://wordpress.org/?v=5.7.2</generator>
</channel>
</rss>
