<?xml version="1.0" encoding="UTF-8"?><rss version="2.0"
	xmlns:content="http://purl.org/rss/1.0/modules/content/"
	xmlns:wfw="http://wellformedweb.org/CommentAPI/"
	xmlns:dc="http://purl.org/dc/elements/1.1/"
	xmlns:atom="http://www.w3.org/2005/Atom"
	xmlns:sy="http://purl.org/rss/1.0/modules/syndication/"
	xmlns:slash="http://purl.org/rss/1.0/modules/slash/"
	>

<channel>
	<title>Tour &#8211; Sae Blog</title>
	<atom:link href="http://localhost/myproject/wordpress/category/tour/feed/" rel="self" type="application/rss+xml" />
	<link>http://minhkhoawin.github.io/SaeBlog</link>
	<description>This is my blog</description>
	<lastBuildDate>Sat, 29 May 2021 03:51:55 +0000</lastBuildDate>
	<language>en-US</language>
	<sy:updatePeriod>
	hourly	</sy:updatePeriod>
	<sy:updateFrequency>
	1	</sy:updateFrequency>
	<generator>https://wordpress.org/?v=5.7.2</generator>

<image>
	<url>http://minhkhoawin.github.io/SaeBlog/wp-content/uploads/2021/05/OIP.jpg</url>
	<title>Tour &#8211; Sae Blog</title>
	<link>http://minhkhoawin.github.io/SaeBlog</link>
	<width>32</width>
	<height>32</height>
</image> 
	<item>
		<title>Thái Lan</title>
		<link>http://minhkhoawin.github.io/SaeBlog/tour/thailand/</link>
					<comments>http://minhkhoawin.github.io/SaeBlog/tour/thailand/#respond</comments>
		
		<dc:creator><![CDATA[Nguyễn Minh Khoa]]></dc:creator>
		<pubDate>Sat, 15 May 2021 06:39:58 +0000</pubDate>
				<category><![CDATA[Tour]]></category>
		<guid isPermaLink="false">http://minhkhoawin.github.io/SaeBlog/?p=22</guid>

					<description><![CDATA[Chuyện con lười đi Thái Lan]]></description>
										<content:encoded><![CDATA[
<p>Chuyện đi Thái Lan này cũng không phải mới đây, nhưng do mình lười + không có thời gian nên không viết được, nay đang rảnh viết luôn. Thái Lan lần này mình đi đoàn chứ không đi riêng lẻ nên tất cả nhà hàng mình không có địa chỉ cũng như tên món ăn, xin lỗi mọi người</p>



<p><strong>1 bah = 700d VN&nbsp;</strong>(mình ghi trước để trong bài mình có thể mình quên, chỉ viết bah, mọi ng biết mà tính ra tiền Việt Nam)</p>



<p>Mình đi Thái Lan vào lúc tối, hình như 6g tới sân bay. Bay tới Thái là cũng đã khuya (gần 10g), &nbsp;đoàn mình sau khi làm thủ tục xong thì được hướng dẫn viên đưa về khách sạn ăn khuya &amp; nghỉ ngơi. Mình cảm thấy việc vừa xuống máy bay là phóng về khách sạn ăn liền là 1 hành động không nên, vì chẳng có ai còn sức ăn nữa, nhưng mình nghĩ là cái bữa khuya này là bao gồm trong giá phòng luôn rồi nên&nbsp;<strong>vietravel&nbsp;</strong>không muốn bỏ phí</p>



<p>Cái nhìn đầu tiên về sân bay Thái Lan Suvarnabhumi: sân bay Thái rộng – đẹp – mát</p>



<figure class="wp-block-image"><img src="https://jooinn.com/images/suvarnabhumi-airport-3.jpg" alt="See the source image"/></figure>



<figure class="wp-block-embed is-type-video is-provider-youtube wp-block-embed-youtube wp-embed-aspect-16-9 wp-has-aspect-ratio"><div class="wp-block-embed__wrapper">
<iframe loading="lazy" title="Novotel Bangkok Suvarnabhumi Airport hotel guide" width="640" height="360" src="https://www.youtube.com/embed/jIWIUT4plIs?start=2&#038;feature=oembed" frameborder="0" allow="accelerometer; autoplay; clipboard-write; encrypted-media; gyroscope; picture-in-picture" allowfullscreen></iframe>
</div></figure>



<p>Mình được Vietravel cho ở khách sạn 4 sao&nbsp;<a rel="noreferrer noopener" href="http://www.thetwintowershotel.com/" target="_blank">Twin Tower Hotel</a>, khách sạn to đẹp nhưng khá xa khu vực mua sắm &amp; không cho wifi free, mình cũng không hiểu tại sao 1 khách sạn lớn như vậy lại không cho được wifi free, mà muốn xài wifi phải đi khoảng 5p ra 1 chỗ gì đó đóng tiền mới xài được. Mình hỏi mua sim 3G, cả hướng dẫn Việt Nam &amp; Thái đều không biết 3G là cái gì, cứ có cảm giác mình là người cõi trên vậy, bùn 5p</p>



<p>Đây là khách sạn, nhìn web sao khách sạn vậy, không hề lừa tình</p>



<figure class="wp-block-image"><img src="https://th.bing.com/th/id/R89f724fda666d31081b0f2be4a85c3ed?rik=Q8wDLmLXG34QkA&amp;riu=http%3a%2f%2fwww.asiawebdirect.com%2fmedia%2fimages%2fhotels%2f654%2f615218.jpg&amp;ehk=axhgOyNQc%2fsfQ4WEt%2fiQ5ZgWTl%2fCwVTZV1vBt0k5u2E%3d&amp;risl=&amp;pid=ImgRaw" alt="See the source image"/><figcaption>Buffet khuya tại Gold Teak (1 nhà hàng trong khách sạn) chỉ lèo tèo vài món: cháo, canh cải của người Tàu (không hiểu sao lại không làm canh Thái nhỉ?), cơm chiên,… &amp; bánh ngọt. Chuyến này mình đi do đang có đợt khuyến mãi nên đoàn có tới 100 khách!!! mà 90% là khách dưới quê, tỉnh,… lên nên người ta không được thân thiện cho lắm. Ăn khuya mà cũng giành đồ ăn là hiểu, mình nghĩ buffet có gì để giành nhỉ? Ừ thì giành, giành xong đồ ăn vẫn đem lên tiếp, vậy giành chi??? nhờ những người này mà mình càng thấy phản cảm với những người dưới quê (dưới quê kiểu được chút tiền là lên mặt á, chứ những người bình thường giản dị thì ai cũng quý, ghét không được) )</figcaption></figure>



<p></p>
]]></content:encoded>
					
					<wfw:commentRss>http://minhkhoawin.github.io/SaeBlog/tour/thailand/feed/</wfw:commentRss>
			<slash:comments>0</slash:comments>
		
		
			</item>
	</channel>
</rss>
